aback,4,soare > clink > aahed > aback
abase,3,soare > leuch > abase
abate,3,soare > glitz > abate
abbey,4,soare > canal > theta > abbey
abbot,3,soare > cloot > abbot
abhor,4,soare > maron > arbor > abhor
abide,4,soare > gault > anime > abide
abled,4,soare > canal > fella > abled
abode,3,soare > bundt > abode
abort,3,soare > abaca > abort
about,4,soare > cloot > adopt > about
above,3,soare > bundt > above
abuse,4,soare > thump > cause > abuse
abyss,3,soare > linty > abyss
acorn,3,soare > abaca > acorn
acrid,4,soare > riyal > tapir > acrid
actor,4,soare > maron > arbor > actor
acute,3,soare > gault > acute
adage,4,soare > glitz > agape > adage
adapt,4,soare > clink > guava > adapt
adept,4,soare > canal > theta > adept
admin,4,soare > clint > ninja > admin
admit,4,soare > clint > audit > admit
adobe,3,soare > bundt > adobe
adopt,3,soare > cloot > adopt
adore,2,soare > adore
adorn,3,soare > abaca > adorn
adult,4,soare > clint > vault > adult
affix,4,soare > clint > maxim > affix
afire,3,soare > azure > afire
afoot,3,soare > cloot > afoot
afoul,4,soare > cloot > viola > afoul
after,3,soare > talar > after
again,3,soare > clink > again
agape,3,soare > glitz > agape
agate,3,soare > glitz > agate
agent,4,soare > canal > enema > agent
agile,4,soare > gault > angle > agile
aging,4,soare > clint > aping > aging
aglow,3,soare > cloot > aglow
agony,4,soare > cloot > among > agony
agora,3,soare > abaca > agora
agree,3,soare > barca > agree
ahead,3,soare > canal > ahead
aider,4,soare > talar > abaci > aider
aisle,4,soare > thump > false > aisle
alarm,3,soare > dhuti > alarm
album,4,soare > clint > alpha > album
alert,3,soare > altho > alert
algae,3,soare > gault > algae
alibi,3,soare > clint > alibi
alien,3,soare > canal > alien
align,3,soare > clint > align
alike,4,soare > gault > alive > alike
alive,3,soare > gault > alive
allay,4,soare > clint > alpha > allay
alley,4,soare > canal > fella > alley
allot,3,soare > cloot > allot
allow,4,soare > cloot > alloy > allow
alloy,3,soare > cloot > alloy
aloft,4,soare > cloot > abaft > aloft
alone,3,soare > bundt > alone
along,4,soare > cloot > aloud > along
aloof,3,soare > cloot > aloof
aloud,3,soare > cloot > aloud
alpha,3,soare > clint > alpha
altar,4,soare > riyal > lunar > altar
alter,3,soare > talar > alter
amass,3,soare > chals > amass
amaze,3,soare > glitz > amaze
amber,4,soare > talar > abaci > amber
amble,4,soare > gault > ample > amble
amend,4,soare > canal > enema > amend
amiss,4,soare > linty > basis > amiss
amity,4,soare > clint > faith > amity
among,3,soare > cloot > among
ample,3,soare > gault > ample
amply,4,soare > clint > dampy > amply
amuse,3,soare > thump > amuse
angel,3,soare > canal > angel
anger,4,soare > talar > abaci > anger
angle,3,soare > gault > angle
angry,4,soare > humic > parry > angry
angst,3,soare > linty > angst
anime,3,soare > gault > anime
ankle,4,soare > gault > ample > ankle
annex,3,soare > canal > annex
annoy,4,soare > cloot > wagon > annoy
annul,4,soare > clint > manly > annul
anode,3,soare > bundt > anode
antic,3,soare > clint > antic
anvil,4,soare > clint > inlay > anvil
aorta,3,soare > malty > aorta
apart,3,soare > dhuti > apart
aphid,4,soare > clint > maxim > aphid
aping,3,soare > clint > aping
apnea,3,soare > canal > apnea
apple,4,soare > gault > ample > apple
apply,4,soare > clint > dampy > apply
apron,3,soare > maron > apron
aptly,4,soare > clint > tally > aptly
arbor,3,soare > maron > arbor
ardor,4,soare > maron > arbor > ardor
arena,3,soare > talar > arena
argue,3,soare > barca > argue
arise,3,soare > raise > arise
armor,3,soare > maron > armor
aroma,3,soare > maron > aroma
arose,2,soare > arose
array,3,soare > riyal > array
arrow,3,soare > maron > arrow
arson,2,soare > arson
artsy,3,soare > marsh > artsy
ascot,3,soare > mason > ascot
ashen,3,soare > ajwan > ashen
aside,4,soare > thump > false > aside
askew,3,soare > ajwan > askew
assay,4,soare > linty > gassy > assay
asset,3,soare > ajwan > asset
atoll,3,soare > cloot > atoll
atone,3,soare > bundt > atone
attic,3,soare > clint > attic
audio,4,soare > cloot > mango > audio
audit,3,soare > clint > audit
augur,4,soare > riyal > parka > augur
aunty,4,soare > clint > tangy > aunty
avail,4,soare > clink > quail > avail
avert,3,soare > altho > avert
avian,3,soare > clint > avian
avoid,4,soare > cloot > among > avoid
await,3,soare > clink > await
awake,4,soare > glitz > weave > awake
award,3,soare > dhuti > award
aware,3,soare > abaft > aware
awash,4,soare > chals > aargh > awash
awful,4,soare > clint > dampy > awful
awoke,3,soare > bundt > awoke
axial,4,soare > clint > gaily > axial
axiom,4,soare > cloot > wagon > axiom
axion,4,soare > cloot > wagon > axion
azure,2,soare > azure
bacon,4,soare > cloot > havoc > bacon
badge,4,soare > gault > mange > badge
badly,4,soare > clint > dampy > badly
bagel,4,soare > canal > baghs > bagel
baggy,4,soare > clint > midgy > baggy
baker,5,soare > talar > pigmy > barca > baker
baler,4,soare > talar > paler > baler
balmy,4,soare > clint > dampy > balmy
banal,4,soare > clint > manly > banal
banjo,4,soare > cloot > mango > banjo
barge,3,soare > barca > barge
baron,3,soare > maron > baron
basal,4,soare > linty > usual > basal
basic,4,soare > linty > basis > basic
basil,3,soare > linty > basil
basin,3,soare > linty > basin
basis,3,soare > linty > basis
baste,4,soare > thump > abaca > baste
batch,4,soare > clint > bumph > batch
bathe,3,soare > gault > bathe
baton,3,soare > cloot > baton
batty,4,soare > clint > baffy > batty
bawdy,4,soare > clint > midgy > bawdy
bayou,4,soare > cloot > wagon > bayou
beach,4,soare > depth > leach > beach
beady,3,soare > depth > beady
beard,4,soare > lathy > rearm > beard
beast,3,soare > bufty > beast
beech,4,soare > denet > beefy > beech
beefy,3,soare > denet > beefy
befit,3,soare > denet > befit
began,4,soare > canal > vegan > began
begat,4,soare > canal > wheat > begat
beget,3,soare > denet > beget
begin,4,soare > denet > neigh > begin
begun,4,soare > denet > neigh > begun
being,4,soare > denet > neigh > being
belch,3,soare > denet > belch
belie,3,soare > guilt > belie
belle,4,soare > guilt > cycle > belle
belly,4,soare > denet > belch > belly
below,3,soare > lento > below
bench,4,soare > denet > wench > bench
beret,4,soare > direr > egret > beret
berry,4,soare > feted > merry > berry
berth,4,soare > direr > perky > berth
beset,4,soare > teugh > zesty > beset
betel,3,soare > denet > betel
bevel,3,soare > denet > bevel
bezel,4,soare > denet > bevel > bezel
bible,3,soare > guilt > bible
bicep,4,soare > denet > pixel > bicep
biddy,4,soare > clint > fudgy > biddy
bigot,4,soare > clint > pivot > bigot
bilge,4,soare > guilt > liege > bilge
billy,5,soare > clint > midgy > fowth > billy
binge,4,soare > guilt > hinge > binge
bingo,4,soare > clint > inbox > bingo
biome,3,soare > bling > biome
birch,4,soare > glint > druid > birch
birth,4,soare > glint > mirth > birth
bison,3,soare > agloo > bison
bitty,5,soare > clint > width > kitty > bitty
black,4,soare > clink > flack > black
blade,4,soare > glitz > amban > blade
blame,4,soare > glitz > amban > blame
bland,4,soare > clink > gland > bland
blank,4,soare > clink > abaft > blank
blare,3,soare > abaft > blare
blast,4,soare > chals > flask > blast
blaze,3,soare > glitz > blaze
bleak,4,soare > canal > bated > bleak
bleat,4,soare > canal > bated > bleat
bleed,4,soare > denet > embed > bleed
bleep,4,soare > denet > expel > bleep
blend,4,soare > denet > fiend > blend
bless,3,soare > teugh > bless
blimp,3,soare > clint > blimp
blind,4,soare > clint > blink > blind
blink,3,soare > clint > blink
bliss,3,soare > hists > bliss
blitz,3,soare > clint > blitz
bloat,4,soare > cloot > abaft > bloat
block,4,soare > clint > flock > block
bloke,3,soare > bling > bloke
blond,3,soare > clint > blond
blood,4,soare > clint > bloom > blood
bloom,3,soare > clint > bloom
blown,4,soare > clint > flown > blown
bluer,4,soare > direr > butyl > bluer
bluff,4,soare > clint > plumb > bluff
blunt,3,soare > clint > blunt
blurb,3,soare > fitch > blurb
blurt,3,soare > fitch > blurt
blush,4,soare > hists > abaft > blush
board,3,soare > hoard > board
boast,3,soare > abaca > boast
bobby,5,soare > culty > goody > hobby > bobby
boney,4,soare > meynt > honey > boney
bongo,4,soare > culty > going > bongo
bonus,3,soare > jumby > bonus
booby,5,soare > culty > goody > woozy > booby
boost,3,soare > jumby > boost
booth,4,soare > culty > tooth > booth
booty,3,soare > culty > booty
booze,3,soare > pugil > booze
boozy,5,soare > culty > goody > woozy > boozy
borax,3,soare > malty > borax
borne,3,soare > faugh > borne
bosom,3,soare > jumby > bosom
bossy,3,soare > jumby > bossy
botch,4,soare > culty > apian > botch
bough,4,soare > culty > bumph > bough
boule,3,soare > pugil > boule
bound,4,soare > culty > bumph > bound
bowel,4,soare > meynt > advew > bowel
boxer,5,soare > rewth > clonk > abaft > boxer
brace,4,soare > ditch > grace > brace
braid,3,soare > clint > braid
brain,4,soare > clint > aband > brain
brake,5,soare > ditch > grave > frame > brake
brand,4,soare > clint > bifid > brand
brash,3,soare > bachs > brash
brass,3,soare > bachs > brass
brave,4,soare > ditch > grave > brave
bravo,2,soare > bravo
brawl,4,soare > clint > drawl > brawl
brawn,4,soare > clint > abamp > brawn
bread,4,soare > talar > becke > bread
break,4,soare > talar > becke > break
breed,4,soare > direr > befog > breed
briar,4,soare > riyal > friar > briar
bribe,4,soare > pudic > tribe > bribe
brick,4,soare > glint > crimp > brick
bride,4,soare > pudic > drive > bride
brief,4,soare > direr > grief > brief
brine,4,soare > pudic > tribe > brine
bring,4,soare > glint > wring > bring
brink,4,soare > glint > drink > brink
briny,4,soare > glint > drink > briny
brisk,4,soare > cruft > prism > brisk
broad,4,soare > maron > croak > broad
broil,3,soare > cutin > broil
broke,4,soare > pownd > abaft > broke
brood,5,soare > cutin > gloop > adeem > brood
brook,5,soare > cutin > gloop > adeem > brook
broom,5,soare > cutin > gloop > adeem > broom
broth,4,soare > cutin > throb > broth
brown,4,soare > cutin > befog > brown
brunt,4,soare > glint > burnt > brunt
brush,3,soare > cruft > brush
brute,4,soare > pudic > revue > brute
buddy,5,soare > clint > pudgy > muddy > buddy
budge,4,soare > guilt > aband > budge
buggy,4,soare > clint > pudgy > buggy
bugle,3,soare > guilt > bugle
build,4,soare > clint > guild > build
built,4,soare > clint > baghs > built
bulge,4,soare > guilt > lunge > bulge
bulky,4,soare > clint > bigly > bulky
bully,4,soare > clint > bigly > bully
bunch,4,soare > clint > abamp > bunch
bunny,4,soare > clint > funny > bunny
burly,4,soare > glint > bardy > burly
burnt,3,soare > glint > burnt
burst,3,soare > cruft > burst
bused,3,soare > teugh > bused
bushy,4,soare > hists > abamp > bushy
butch,4,soare > clint > aband > butch
butte,3,soare > guilt > butte
buxom,4,soare > clint > jumbo > buxom
buyer,4,soare > direr > butyl > buyer
bylaw,4,soare > clint > dampy > bylaw
cabal,4,soare > clint > caulk > cabal
cabby,4,soare > clint > caddy > cabby
cabin,3,soare > clint > cabin
cable,4,soare > gault > becap > cable
cacao,3,soare > cloot > cacao
cache,4,soare > gault > amnic > cache
cacti,3,soare > clint > cacti
caddy,3,soare > clint > caddy
cadet,4,soare > canal > cagey > cadet
cagey,3,soare > canal > cagey
cairn,3,soare > humic > cairn
camel,3,soare > canal > camel
cameo,3,soare > omega > cameo
canal,3,soare > clint > canal
candy,3,soare > clint > candy
canny,3,soare > clint > canny
canoe,3,soare > bundt > canoe
canon,3,soare > cloot > canon
caper,4,soare > talar > pigmy > caper
caput,3,soare > clint > caput
carat,4,soare > riyal > urban > carat
cargo,3,soare > maron > cargo
carol,4,soare > maron > tarot > carol
carry,3,soare > humic > carry
carve,3,soare > barca > carve
caste,4,soare > thump > abaca > caste
catch,4,soare > clint > catty > catch
cater,4,soare > talar > cahow > cater
catty,3,soare > clint > catty
caulk,3,soare > clint > caulk
cause,3,soare > thump > cause
cavil,3,soare > clint > cavil
cease,3,soare > leuch > cease
cedar,4,soare > talar > rebar > cedar
cello,4,soare > lento > hello > cello
chafe,5,soare > glitz > weave > quake > chafe
chaff,4,soare > clink > champ > chaff
chain,3,soare > clink > chain
chair,3,soare > clint > chair
chalk,3,soare > clink > chalk
champ,3,soare > clink > champ
chant,3,soare > clink > chant
chaos,2,soare > chaos
chard,3,soare > dhuti > chard
charm,4,soare > dhuti > wharf > charm
chart,3,soare > dhuti > chart
chase,3,soare > leuch > chase
chasm,3,soare > chals > chasm
cheap,4,soare > canal > cheat > cheap
cheat,3,soare > canal > cheat
check,4,soare > denet > whelp > check
cheek,4,soare > denet > expel > cheek
cheer,5,soare > direr > butyl > newer > cheer
chess,3,soare > teugh > chess
chest,3,soare > teugh > chest
chick,3,soare > clint > chick
chide,4,soare > guilt > chime > chide
chief,4,soare > denet > pixel > chief
child,4,soare > clint > aduki > child
chili,4,soare > clint > aduki > chili
chill,4,soare > clint > aduki > chill
chime,3,soare > guilt > chime
china,3,soare > clint > china
chirp,3,soare > fitch > chirp
chock,3,soare > clint > chock
choir,3,soare > cutin > choir
choke,4,soare > bling > evoke > choke
chord,3,soare > acidy > chord
chore,3,soare > ombre > chore
chose,3,soare > aitch > chose
chuck,4,soare > clint > chump > chuck
chump,3,soare > clint > chump
chunk,3,soare > clint > chunk
churn,3,soare > fitch > churn
chute,4,soare > guilt > etude > chute
cider,4,soare > direr > wider > cider
cigar,4,soare > riyal > vicar > cigar
cinch,4,soare > clint > cynic > cinch
circa,3,soare > riyal > circa
civic,4,soare > clint > cubic > civic
civil,3,soare > clint > civil
clack,3,soare > clink > clack
claim,3,soare > clink > claim
clamp,3,soare > clink > clamp
clang,3,soare > clink > clang
clank,3,soare > clink > clank
clash,3,soare > chals > clash
clasp,3,soare > chals > clasp
class,3,soare > chals > class
clean,3,soare > canal > clean
clear,3,soare > talar > clear
cleat,3,soare > canal > cleat
cleft,4,soare > denet > evict > cleft
clerk,4,soare > feted > query > clerk
click,4,soare > clint > abaca > click
cliff,4,soare > clint > abaca > cliff
climb,4,soare > clint > abaca > climb
cling,4,soare > clint > clink > cling
clink,3,soare > clint > clink
cloak,3,soare > cloot > cloak
clock,4,soare > clint > cloud > clock
clone,3,soare > bling > clone
close,3,soare > aitch > close
cloth,3,soare > clint > cloth
cloud,3,soare > clint > cloud
clout,3,soare > clint > clout
clove,4,soare > bling > elope > clove
clown,3,soare > clint > clown
cluck,4,soare > clint > clump > cluck
clued,4,soare > denet > plied > clued
clump,3,soare > clint > clump
clung,3,soare > clint > clung
coach,3,soare > loath > coach
coast,3,soare > abaca > coast
cobra,2,soare > cobra
cocoa,4,soare > liman > vodka > cocoa
colon,3,soare > culty > colon
color,3,soare > cyton > color
comet,3,soare > meynt > comet
comfy,3,soare > culty > comfy
comic,4,soare > culty > conic > comic
comma,3,soare > liman > comma
conch,4,soare > culty > conic > conch
condo,4,soare > culty > conic > condo
conic,3,soare > culty > conic
copse,3,soare > pilum > copse
coral,3,soare > malty > coral
corer,5,soare > rewth > clonk > cover > corer
corny,3,soare > cyton > corny
couch,4,soare > culty > cough > couch
cough,3,soare > culty > cough
could,3,soare > culty > could
count,3,soare > culty > count
coupe,3,soare > pugil > coupe
court,3,soare > almud > court
coven,4,soare > meynt > woven > coven
cover,4,soare > rewth > clonk > cover
covet,3,soare > meynt > covet
covey,4,soare > meynt > abord > covey
cower,4,soare > rewth > ampul > cower
coyly,3,soare > culty > coyly
crack,4,soare > clint > abysm > crack
craft,3,soare > clint > craft
cramp,4,soare > clint > abysm > cramp
crane,4,soare > ditch > avant > crane
crank,3,soare > clint > crank
crash,3,soare > bachs > crash
crass,3,soare > bachs > crass
crate,3,soare > ditch > crate
crave,4,soare > ditch > avant > crave
crawl,3,soare > clint > crawl
craze,4,soare > ditch > avant > craze
crazy,4,soare > clint > abysm > crazy
creak,4,soare > talar > becke > creak
cream,4,soare > talar > becke > cream
credo,3,soare > trued > credo
creed,4,soare > direr > befog > creed
creek,4,soare > direr > pence > creek
creep,4,soare > direr > pence > creep
creme,3,soare > pudic > creme
crepe,3,soare > pudic > crepe
crept,4,soare > direr > retch > crept
cress,3,soare > richt > cress
crest,3,soare > richt > crest
crick,4,soare > glint > crimp > crick
cried,4,soare > direr > capot > cried
crier,3,soare > direr > crier
crime,4,soare > pudic > trice > crime
crimp,3,soare > glint > crimp
crisp,3,soare > cruft > crisp
croak,3,soare > maron > croak
crock,4,soare > cutin > crook > crock
crone,3,soare > pownd > crone
crony,3,soare > cutin > crony
crook,3,soare > cutin > crook
cross,3,soare > acids > cross
croup,3,soare > cutin > croup
crowd,4,soare > cutin > crook > crowd
crown,3,soare > cutin > crown
crude,3,soare > pudic > crude
cruel,4,soare > direr > pence > cruel
crumb,4,soare > glint > crump > crumb
crump,3,soare > glint > crump
crush,3,soare > cruft > crush
crust,3,soare > cruft > crust
crypt,3,soare > glint > crypt
cubic,3,soare > clint > cubic
cumin,4,soare > clint > cynic > cumin
curio,3,soare > cutin > curio
curly,4,soare > glint > bardy > curly
curry,3,soare > fitch > curry
curse,3,soare > centu > curse
curve,3,soare > pudic > curve
curvy,4,soare > glint > crump > curvy
cutie,3,soare > guilt > cutie
cyber,4,soare > direr > butyl > cyber
cycle,3,soare > guilt > cycle
cynic,3,soare > clint > cynic
daddy,5,soare > clint > midgy > paddy > daddy
daily,4,soare > clint > gaily > daily
dairy,4,soare > humic > fairy > dairy
daisy,3,soare > linty > daisy
dally,4,soare > clint > dampy > dally
dance,4,soare > gault > amnic > dance
dandy,4,soare > clint > handy > dandy
datum,4,soare > clint > baffy > datum
daunt,4,soare > clint > dight > daunt
dealt,3,soare > depth > dealt
death,3,soare > depth > death
debar,4,soare > talar > rebar > debar
debit,4,soare > denet > debut > debit
debug,4,soare > denet > devil > debug
debut,3,soare > denet > debut
decal,4,soare > canal > fecal > decal
decay,3,soare > canal > decay
decor,3,soare > trued > decor
decoy,3,soare > lento > decoy
decry,3,soare > feted > decry
defer,4,soare > direr > deter > defer
deign,3,soare > denet > deign
deity,4,soare > denet > depth > deity
delay,4,soare > canal > bated > delay
delta,4,soare > canal > fella > delta
delve,4,soare > guilt > melee > delve
demon,3,soare > lento > demon
demur,3,soare > direr > demur
denim,3,soare > denet > denim
dense,3,soare > cunit > dense
depot,4,soare > lento > detox > depot
depth,3,soare > denet > depth
derby,3,soare > direr > derby
deter,3,soare > direr > deter
detox,3,soare > lento > detox
deuce,4,soare > guilt > venue > deuce
devil,3,soare > denet > devil
diary,3,soare > dhuti > diary
dicey,3,soare > denet > dicey
digit,4,soare > clint > aswim > digit
dilly,4,soare > clint > midgy > dilly
dimly,4,soare > clint > midgy > dimly
diner,4,soare > direr > diver > diner
dingo,4,soare > clint > inbox > dingo
dingy,4,soare > clint > dampy > dingy
diode,3,soare > bling > diode
dirge,4,soare > pudic > drive > dirge
dirty,4,soare > glint > mirth > dirty
disco,3,soare > agloo > disco
ditch,4,soare > clint > hyped > ditch
ditto,3,soare > clint > ditto
ditty,4,soare > clint > width > ditty
diver,3,soare > direr > diver
dizzy,4,soare > clint > fudgy > dizzy
dodge,3,soare > pugil > dodge
dodgy,4,soare > culty > goody > dodgy
dogma,4,soare > liman > mocha > dogma
doing,4,soare > culty > going > doing
dolly,4,soare > culty > defog > dolly
donor,4,soare > cyton > honor > donor
donut,4,soare > culty > mount > donut
dopey,4,soare > meynt > abord > dopey
doubt,4,soare > culty > mount > doubt
dough,4,soare > culty > bumph > dough
dowdy,5,soare > culty > goody > howdy > dowdy
dowel,4,soare > meynt > advew > dowel
downy,4,soare > culty > goody > downy
dowry,3,soare > almud > dowry
dozen,4,soare > meynt > woven > dozen
draft,4,soare > clint > graft > draft
drain,4,soare > clint > aband > drain
drake,4,soare > ditch > drape > drake
drama,4,soare > clint > aahed > drama
drank,4,soare > clint > bifid > drank
drape,3,soare > ditch > drape
drawl,3,soare > clint > drawl
drawn,4,soare > clint > abamp > drawn
dread,5,soare > talar > becke > dream > dread
dream,4,soare > talar > becke > dream
dress,4,soare > richt > press > dress
dried,3,soare > direr > dried
drier,3,soare > direr > drier
drift,3,soare > glint > drift
drill,4,soare > glint > aduki > drill
drink,3,soare > glint > drink
drive,3,soare > pudic > drive
droit,4,soare > cutin > orbit > droit
droll,4,soare > cutin > gloop > droll
drone,3,soare > pownd > drone
drool,4,soare > cutin > gloop > drool
droop,4,soare > cutin > gloop > droop
dross,3,soare > acids > dross
drove,4,soare > pownd > erode > drove
drown,4,soare > cutin > befog > drown
druid,3,soare > glint > druid
drunk,3,soare > glint > drunk
dryer,3,soare > direr > dryer
dryly,4,soare > glint > bardy > dryly
duchy,4,soare > clint > mucky > duchy
dully,5,soare > clint > bigly > fully > dully
dummy,4,soare > clint > pudgy > dummy
dumpy,4,soare > clint > pudgy > dumpy
dunce,4,soare > guilt > queue > dunce
dusky,4,soare > hists > musky > dusky
dusty,4,soare > hists > algid > dusty
dutch,4,soare > clint > aband > dutch
duvet,3,soare > denet > duvet
dwarf,3,soare > dhuti > dwarf
dwell,3,soare > denet > dwell
dwelt,3,soare > denet > dwelt
dying,4,soare > clint > vying > dying
eager,5,soare > talar > pigmy > wager > eager
eagle,3,soare > gault > eagle
early,3,soare > talar > early
earth,3,soare > talar > earth
easel,3,soare > ajwan > easel
eaten,4,soare > canal > aitch > eaten
eater,4,soare > talar > cahow > eater
ebony,4,soare > lento > envoy > ebony
eclat,3,soare > canal > eclat
edict,3,soare > denet > edict
edify,3,soare > denet > edify
eerie,3,soare > pudic > eerie
egret,3,soare > direr > egret
eight,4,soare > denet > evict > eight
eject,4,soare > denet > elect > eject
eking,4,soare > denet > eying > eking
elate,4,soare > glitz > plate > elate
elbow,3,soare > lento > elbow
elder,4,soare > direr > under > elder
elect,3,soare > denet > elect
elegy,3,soare > denet > elegy
elfin,4,soare > denet > eying > elfin
elide,3,soare > guilt > elide
elite,3,soare > guilt > elite
elope,3,soare > bling > elope
elude,4,soare > guilt > flume > elude
email,3,soare > depth > email
embed,3,soare > denet > embed
ember,4,soare > direr > butyl > ember
emcee,4,soare > guilt > cheep > emcee
empty,4,soare > denet > piety > empty
enact,4,soare > depth > exalt > enact
endow,4,soare > lento > envoy > endow
enema,3,soare > canal > enema
enemy,3,soare > denet > enemy
enjoy,4,soare > lento > envoy > enjoy
ennui,3,soare > denet > ennui
ensue,3,soare > cunit > ensue
enter,5,soare > direr > butyl > meter > enter
entry,3,soare > feted > entry
envoy,3,soare > lento > envoy
epoch,4,soare > lento > epoxy > epoch
epoxy,3,soare > lento > epoxy
equal,4,soare > canal > dempt > equal
equip,4,soare > denet > whelp > equip
erase,2,soare > erase
erect,4,soare > direr > retch > erect
erode,3,soare > pownd > erode
error,3,soare > trued > error
erupt,4,soare > direr > retch > erupt
essay,3,soare > ajwan > essay
ester,3,soare > richt > ester
ether,4,soare > direr > butyl > ether
ethic,4,soare > denet > piety > ethic
ethos,3,soare > pesto > ethos
etude,3,soare > guilt > etude
evade,4,soare > glitz > weave > evade
event,3,soare > denet > event
every,3,soare > feted > every
evict,3,soare > denet > evict
evoke,3,soare > bling > evoke
exact,4,soare > depth > exalt > exact
exalt,3,soare > depth > exalt
excel,4,soare > denet > expel > excel
exert,3,soare > feted > exert
exile,4,soare > guilt > while > exile
exist,4,soare > teugh > islet > exist
expel,3,soare > denet > expel
extol,3,soare > lento > extol
extra,3,soare > altho > extra
exult,4,soare > denet > evict > exult
eying,3,soare > denet > eying
fable,4,soare > gault > becap > fable
facet,3,soare > canal > facet
faint,4,soare > clint > attap > faint
fairy,3,soare > humic > fairy
faith,3,soare > clint > faith
false,3,soare > thump > false
fancy,3,soare > clint > fancy
fanny,4,soare > clint > nanny > fanny
farce,3,soare > barca > farce
fatal,4,soare > clint > tally > fatal
fatty,4,soare > clint > baffy > fatty
fault,4,soare > clint > vault > fault
fauna,4,soare > clint > nanny > fauna
favor,4,soare > maron > valor > favor
feast,3,soare > bufty > feast
fecal,3,soare > canal > fecal
feign,4,soare > denet > neigh > feign
fella,3,soare > canal > fella
felon,4,soare > lento > melon > felon
femme,4,soare > guilt > cheep > femme
femur,4,soare > direr > lemur > femur
fence,4,soare > guilt > cheep > fence
feral,4,soare > talar > renal > feral
ferry,3,soare > feted > ferry
fetal,4,soare > canal > dempt > fetal
fetch,4,soare > denet > aleph > fetch
fetid,4,soare > denet > tepid > fetid
fetus,3,soare > teugh > fetus
fever,5,soare > direr > butyl > newer > fever
fewer,5,soare > direr > butyl > newer > fewer
fiber,5,soare > direr > flong > fixer > fiber
fibre,3,soare > where > fibre
ficus,4,soare > hists > minus > ficus
field,4,soare > denet > edify > field
fiend,3,soare > denet > fiend
fiery,3,soare > feted > fiery
fifth,4,soare > clint > width > fifth
fifty,5,soare > clint > width > kitty > fifty
fight,5,soare > clint > aswim > tight > fight
filer,4,soare > direr > flong > filer
filet,4,soare > denet > quiet > filet
filly,5,soare > clint > midgy > fowth > filly
filmy,4,soare > clint > midgy > filmy
filth,4,soare > clint > tulip > filth
final,4,soare > clint > inlay > final
finch,4,soare > clint > cowps > finch
finer,4,soare > direr > flong > finer
first,3,soare > cruft > first
fishy,3,soare > hists > fishy
fixer,4,soare > direr > flong > fixer
fizzy,4,soare > clint > fudgy > fizzy
fjord,3,soare > acidy > fjord
flack,3,soare > clink > flack
flail,4,soare > clink > plait > flail
flair,3,soare > clint > flair
flake,5,soare > glitz > amban > place > flake
flaky,3,soare > clink > flaky
flame,4,soare > glitz > amban > flame
flank,4,soare > clink > abaft > flank
flare,3,soare > abaft > flare
flash,3,soare > chals > flash
flask,3,soare > chals > flask
fleck,4,soare > denet > whelp > fleck
fleet,4,soare > denet > tweet > fleet
flesh,3,soare > teugh > flesh
flick,3,soare > clint > flick
flier,4,soare > direr > aleft > flier
fling,4,soare > clint > blink > fling
flint,4,soare > clint > glint > flint
flirt,3,soare > fitch > flirt
float,4,soare > cloot > abaft > float
flock,3,soare > clint > flock
flood,4,soare > clint > bloom > flood
floor,4,soare > cutin > gloop > floor
flora,3,soare > abaca > flora
floss,3,soare > agloo > floss
flour,4,soare > cutin > proud > flour
flout,3,soare > clint > flout
flown,3,soare > clint > flown
fluff,4,soare > clint > plumb > fluff
fluid,3,soare > clint > fluid
fluke,4,soare > guilt > flume > fluke
flume,3,soare > guilt > flume
flung,4,soare > clint > plunk > flung
flunk,4,soare > clint > plunk > flunk
flush,4,soare > hists > abaft > flush
flute,3,soare > guilt > flute
flyer,4,soare > direr > butyl > flyer
foamy,3,soare > loath > foamy
focal,4,soare > liman > vocal > focal
focus,4,soare > jumby > locus > focus
foggy,4,soare > culty > goody > foggy
foist,4,soare > jumby > hoist > foist
folio,3,soare > culty > folio
folly,4,soare > culty > defog > folly
foray,3,soare > malty > foray
force,4,soare > faugh > forte > force
forge,3,soare > faugh > forge
forgo,4,soare > cyton > rough > forgo
forte,3,soare > faugh > forte
forth,4,soare > cyton > worth > forth
forty,3,soare > cyton > forty
forum,4,soare > cyton > rough > forum
found,5,soare > culty > bumph > wound > found
foyer,5,soare > rewth > clonk > abaft > foyer
frail,4,soare > clint > grail > frail
frame,4,soare > ditch > grave > frame
frank,4,soare > clint > bifid > frank
fraud,4,soare > clint > aahed > fraud
freak,5,soare > talar > becke > wreak > freak
freed,4,soare > direr > befog > freed
freer,4,soare > direr > truer > freer
fresh,4,soare > richt > usher > fresh
friar,3,soare > riyal > friar
fried,4,soare > direr > capot > fried
frill,4,soare > glint > aduki > frill
frisk,3,soare > cruft > frisk
fritz,4,soare > glint > trick > fritz
frock,3,soare > cutin > frock
frond,4,soare > cutin > wrong > frond
front,3,soare > cutin > front
frost,3,soare > acids > frost
froth,4,soare > cutin > throb > froth
frown,4,soare > cutin > befog > frown
froze,4,soare > pownd > abaft > froze
fruit,3,soare > glint > fruit
fudge,5,soare > guilt > aband > judge > fudge
fugue,4,soare > guilt > aband > fugue
fully,4,soare > clint > bigly > fully
fungi,4,soare > clint > dampy > fungi
funky,4,soare > clint > nymph > funky
funny,3,soare > clint > funny
furor,4,soare > cutin > juror > furor
furry,3,soare > fitch > furry
fussy,3,soare > hists > fussy
fuzzy,5,soare > clint > pudgy > mummy > fuzzy
gaffe,3,soare > gault > gaffe
gaily,3,soare > clint > gaily
gamer,4,soare > talar > pigmy > gamer
gamma,4,soare > clint > midgy > gamma
gamut,3,soare > clint > gamut
gassy,3,soare > linty > gassy
gaudy,4,soare > clint > midgy > gaudy
gauge,4,soare > gault > gauze > gauge
gaunt,4,soare > clint > dight > gaunt
gauze,3,soare > gault > gauze
gavel,4,soare > canal > baghs > gavel
gawky,4,soare > clint > midgy > gawky
gayer,4,soare > talar > pigmy > gayer
gayly,4,soare > clint > dampy > gayly
gazer,4,soare > talar > pigmy > gazer
gecko,3,soare > lento > gecko
geeky,4,soare > denet > beefy > geeky
geese,3,soare > cunit > geese
genie,3,soare > guilt > genie
genre,3,soare > where > genre
ghost,3,soare > agloo > ghost
ghoul,4,soare > clint > oddly > ghoul
giant,3,soare > clink > giant
giddy,4,soare > clint > fudgy > giddy
gipsy,3,soare > hists > gipsy
girly,3,soare > glint > girly
girth,3,soare > glint > girth
given,4,soare > denet > agila > given
giver,5,soare > direr > flong > tiger > giver
glade,3,soare > glitz > glade
gland,3,soare > clink > gland
glare,3,soare > abaft > glare
glass,3,soare > chals > glass
glaze,3,soare > glitz > glaze
gleam,4,soare > canal > bated > gleam
glean,3,soare > canal > glean
glide,3,soare > guilt > glide
glint,3,soare > clint > glint
gloat,4,soare > cloot > abaft > gloat
globe,3,soare > bling > globe
gloom,4,soare > clint > bloom > gloom
glory,3,soare > acidy > glory
gloss,3,soare > agloo > gloss
glove,3,soare > bling > glove
glyph,4,soare > clint > plumb > glyph
gnash,4,soare > chals > aargh > gnash
gnome,3,soare > bling > gnome
godly,4,soare > culty > adown > godly
going,3,soare > culty > going
golem,3,soare > meynt > golem
golly,4,soare > culty > defog > golly
gonad,3,soare > liman > gonad
goner,4,soare > rewth > clonk > goner
goody,3,soare > culty > goody
gooey,4,soare > meynt > abord > gooey
goofy,4,soare > culty > goody > goofy
goose,4,soare > pilum > noose > goose
gorge,3,soare > faugh > gorge
gouge,3,soare > pugil > gouge
gourd,3,soare > almud > gourd
grace,3,soare > ditch > grace
grade,3,soare > ditch > grade
graft,3,soare > clint > graft
grail,3,soare > clint > grail
grain,4,soare > clint > aband > grain
grand,4,soare > clint > bifid > grand
grant,3,soare > clint > grant
grape,5,soare > ditch > grave > graze > grape
graph,4,soare > clint > aahed > graph
grasp,3,soare > bachs > grasp
grass,3,soare > bachs > grass
grate,3,soare > ditch > grate
grave,3,soare > ditch > grave
gravy,4,soare > clint > aahed > gravy
graze,4,soare > ditch > grave > graze
great,3,soare > talar > great
greed,4,soare > direr > befog > greed
green,4,soare > direr > pence > green
greet,4,soare > direr > pence > greet
grief,3,soare > direr > grief
grill,3,soare > glint > grill
grime,4,soare > pudic > tribe > grime
grimy,3,soare > glint > grimy
grind,3,soare > glint > grind
gripe,4,soare > pudic > tripe > gripe
groan,4,soare > maron > organ > groan
groin,3,soare > cutin > groin
groom,4,soare > cutin > gloop > groom
grope,4,soare > pownd > trope > grope
gross,3,soare > acids > gross
group,4,soare > cutin > proud > group
grout,4,soare > cutin > trout > grout
grove,4,soare > pownd > abaft > grove
growl,4,soare > cutin > gloop > growl
grown,4,soare > cutin > befog > grown
gruel,4,soare > direr > pence > gruel
gruff,3,soare > glint > gruff
grunt,3,soare > glint > grunt
guard,3,soare > dhuti > guard
guava,3,soare > clink > guava
guess,3,soare > teugh > guess
guest,3,soare > teugh > guest
guide,3,soare > guilt > guide
guild,3,soare > clint > guild
guile,3,soare > guilt > guile
guilt,4,soare > clint > baghs > guilt
guise,3,soare > cunit > guise
gulch,4,soare > clint > mulch > gulch
gully,4,soare > clint > bigly > gully
gumbo,4,soare > clint > jumbo > gumbo
gummy,4,soare > clint > pudgy > gummy
guppy,4,soare > clint > pudgy > guppy
gusto,3,soare > agloo > gusto
gusty,4,soare > hists > algid > gusty
gypsy,3,soare > hists > gypsy
habit,4,soare > clint > audit > habit
hairy,3,soare > humic > hairy
halve,4,soare > gault > valve > halve
handy,3,soare > clint > handy
happy,5,soare > clint > midgy > jazzy > happy
hardy,4,soare > riyal > party > hardy
harem,4,soare > talar > raven > harem
harpy,4,soare > riyal > party > harpy
harry,3,soare > humic > harry
harsh,3,soare > marsh > harsh
haste,3,soare > thump > haste
hasty,4,soare > linty > aheap > hasty
hatch,5,soare > clint > bumph > watch > hatch
hater,4,soare > talar > cahow > hater
haunt,4,soare > clint > dight > haunt
haute,3,soare > gault > haute
haven,4,soare > canal > aitch > haven
havoc,3,soare > cloot > havoc
hazel,4,soare > canal > baghs > hazel
heady,3,soare > depth > heady
heard,3,soare > lathy > heard
heart,3,soare > lathy > heart
heath,3,soare > depth > heath
heave,4,soare > glitz > weave > heave
heavy,3,soare > depth > heavy
hedge,4,soare > guilt > wedge > hedge
hefty,4,soare > denet > aleph > hefty
heist,3,soare > teugh > heist
helix,4,soare > denet > belch > helix
hello,3,soare > lento > hello
hence,4,soare > guilt > cheep > hence
heron,3,soare > trued > heron
hilly,5,soare > clint > midgy > fowth > hilly
hinge,3,soare > guilt > hinge
hippo,4,soare > clint > widow > hippo
hippy,5,soare > clint > fudgy > wimpy > hippy
hitch,4,soare > clint > hyped > hitch
hoard,2,soare > hoard
hobby,4,soare > culty > goody > hobby
hoist,3,soare > jumby > hoist
holly,5,soare > culty > defog > jolly > holly
homer,4,soare > rewth > hover > homer
honey,3,soare > meynt > honey
honor,3,soare > cyton > honor
horde,3,soare > faugh > horde
horny,3,soare > cyton > horny
horse,3,soare > worse > horse
hotel,4,soare > meynt > towel > hotel
hotly,3,soare > culty > hotly
hound,4,soare > culty > bumph > hound
house,3,soare > pilum > house
hovel,4,soare > meynt > advew > hovel
hover,3,soare > rewth > hover
howdy,4,soare > culty > goody > howdy
human,4,soare > clint > handy > human
humid,4,soare > clint > fudgy > humid
humor,4,soare > cutin > juror > humor
humph,4,soare > clint > pudgy > humph
humus,3,soare > hists > humus
hunch,4,soare > clint > abamp > hunch
hunky,4,soare > clint > nymph > hunky
hurry,3,soare > fitch > hurry
husky,3,soare > hists > husky
hussy,3,soare > hists > hussy
hutch,4,soare > clint > aband > hutch
hydro,3,soare > acidy > hydro
hyena,4,soare > canal > enema > hyena
hymen,4,soare > denet > agila > hymen
hyper,4,soare > direr > butyl > hyper
icily,3,soare > clint > icily
icing,3,soare > clint > icing
ideal,4,soare > canal > dempt > ideal
idiom,4,soare > clint > opium > idiom
idiot,3,soare > clint > idiot
idler,3,soare > direr > idler
idyll,4,soare > clint > midgy > idyll
igloo,4,soare > clint > limbo > igloo
iliac,3,soare > clint > iliac
image,3,soare > glitz > image
imbue,4,soare > guilt > pique > imbue
impel,4,soare > denet > pixel > impel
imply,4,soare > clint > midgy > imply
inane,3,soare > glitz > inane
inbox,3,soare > clint > inbox
incur,3,soare > glint > incur
index,4,soare > denet > widen > index
inept,4,soare > denet > knelt > inept
inert,3,soare > feted > inert
infer,4,soare > direr > aleft > infer
ingot,3,soare > clint > ingot
inlay,3,soare > clint > inlay
inlet,4,soare > denet > unmet > inlet
inner,4,soare > direr > aleft > inner
input,4,soare > clint > unfit > input
inter,4,soare > direr > aleft > inter
intro,3,soare > acidy > intro
ionic,4,soare > culty > pooch > ionic
irate,3,soare > ditch > irate
irony,4,soare > cutin > rhino > irony
islet,3,soare > teugh > islet
issue,3,soare > cunit > issue
itchy,4,soare > clint > hyped > itchy
ivory,3,soare > acidy > ivory
jaunt,5,soare > clint > dight > ajiva > jaunt
jazzy,4,soare > clint > midgy > jazzy
jelly,4,soare > denet > belch > jelly
jerky,4,soare > direr > perky > jerky
jetty,4,soare > denet > aleph > jetty
jewel,4,soare > denet > bevel > jewel
jiffy,4,soare > clint > fudgy > jiffy
joint,4,soare > culty > point > joint
joist,3,soare > jumby > joist
joker,5,soare > rewth > clonk > poker > joker
jolly,4,soare > culty > defog > jolly
joust,3,soare > jumby > joust
judge,4,soare > guilt > aband > judge
juice,3,soare > guilt > juice
juicy,4,soare > clint > quick > juicy
jumbo,3,soare > clint > jumbo
jumpy,4,soare > clint > pudgy > jumpy
junta,4,soare > clint > tangy > junta
junto,3,soare > clint > junto
juror,3,soare > cutin > juror
kappa,4,soare > clint > midgy > kappa
karma,4,soare > riyal > parka > karma
kayak,4,soare > clint > midgy > kayak
kebab,4,soare > canal > wheat > kebab
khaki,3,soare > clink > khaki
kinky,4,soare > clint > dampy > kinky
kiosk,3,soare > agloo > kiosk
kitty,4,soare > clint > width > kitty
knack,3,soare > clink > knack
knave,4,soare > glitz > weave > knave
knead,4,soare > canal > vegan > knead
kneed,3,soare > denet > kneed
kneel,4,soare > denet > queen > kneel
knelt,3,soare > denet > knelt
knife,4,soare > guilt > chime > knife
knock,3,soare > clint > knock
knoll,4,soare > clint > nylon > knoll
known,3,soare > clint > known
koala,3,soare > loath > koala
krill,4,soare > glint > aduki > krill
label,4,soare > canal > baghs > label
labor,4,soare > maron > valor > labor
laden,3,soare > canal > laden
ladle,4,soare > gault > becap > ladle
lager,4,soare > talar > layer > lager
lance,4,soare > gault > valve > lance
lanky,4,soare > clint > manly > lanky
lapel,4,soare > canal > baghs > lapel
lapse,3,soare > thump > lapse
large,3,soare > barca > large
larva,3,soare > riyal > larva
lasso,3,soare > mason > lasso
latch,3,soare > clint > latch
later,3,soare > talar > later
lathe,4,soare > gault > latte > lathe
latte,3,soare > gault > latte
laugh,4,soare > clint > dampy > laugh
layer,3,soare > talar > layer
leach,3,soare > depth > leach
leafy,4,soare > depth > leaky > leafy
leaky,3,soare > depth > leaky
leant,4,soare > depth > meant > leant
leapt,3,soare > depth > leapt
learn,3,soare > lathy > learn
lease,3,soare > leuch > lease
leash,3,soare > bufty > leash
least,3,soare > bufty > least
leave,4,soare > glitz > whale > leave
ledge,3,soare > guilt > ledge
leech,4,soare > denet > beefy > leech
leery,3,soare > feted > leery
lefty,4,soare > denet > aleph > lefty
legal,4,soare > canal > dempt > legal
leggy,4,soare > denet > belch > leggy
lemon,3,soare > lento > lemon
lemur,3,soare > direr > lemur
leper,5,soare > direr > butyl > lever > leper
level,4,soare > denet > bevel > level
lever,4,soare > direr > butyl > lever
libel,4,soare > denet > pixel > libel
liege,3,soare > guilt > liege
light,4,soare > clint > limit > light
liken,4,soare > denet > agila > liken
lilac,3,soare > clint > lilac
limbo,3,soare > clint > limbo
limit,3,soare > clint > limit
linen,4,soare > denet > piney > linen
liner,4,soare > direr > flong > liner
lingo,3,soare > clint > lingo
lipid,5,soare > clint > midgy > livid > lipid
lithe,4,soare > guilt > tilde > lithe
liver,4,soare > direr > flong > liver
livid,4,soare > clint > midgy > livid
llama,4,soare > clink > plaza > llama
loamy,3,soare > loath > loamy
loath,2,soare > loath
lobby,4,soare > culty > adown > lobby
local,4,soare > liman > loyal > local
locus,3,soare > jumby > locus
lodge,3,soare > pugil > lodge
lofty,3,soare > culty > lofty
logic,3,soare > culty > logic
login,3,soare > culty > login
loopy,4,soare > culty > adown > loopy
loose,3,soare > pilum > loose
lorry,3,soare > almud > lorry
loser,3,soare > poser > loser
louse,3,soare > pilum > louse
lousy,3,soare > jumby > lousy
lover,4,soare > rewth > clonk > lover
lower,4,soare > rewth > ampul > lower
lowly,4,soare > culty > adown > lowly
loyal,3,soare > liman > loyal
lucid,3,soare > clint > lucid
lucky,4,soare > clint > mulch > lucky
lumen,4,soare > denet > agila > lumen
lumpy,5,soare > clint > bigly > pulpy > lumpy
lunar,3,soare > riyal > lunar
lunch,4,soare > clint > lynch > lunch
lunge,3,soare > guilt > lunge
lupus,4,soare > hists > mucus > lupus
lurch,4,soare > glint > bardy > lurch
lurid,4,soare > glint > lyric > lurid
lusty,4,soare > hists > algid > lusty
lying,3,soare > clint > lying
lymph,4,soare > clint > bigly > lymph
lynch,3,soare > clint > lynch
lyric,3,soare > glint > lyric
macaw,4,soare > clint > wacky > macaw
macho,3,soare > cloot > macho
macro,3,soare > abaca > macro
madam,4,soare > clint > midgy > madam
madly,4,soare > clint > dampy > madly
mafia,4,soare > clint > maxim > mafia
magic,3,soare > clint > magic
magma,4,soare > clint > midgy > magma
maize,4,soare > gault > amnic > maize
major,4,soare > maron > mayor > major
maker,4,soare > talar > pigmy > maker
mambo,4,soare > cloot > mango > mambo
mamma,4,soare > clint > midgy > mamma
mammy,4,soare > clint > midgy > mammy
manga,4,soare > clint > handy > manga
mange,3,soare > gault > mange
mango,3,soare > cloot > mango
mangy,4,soare > clint > handy > mangy
mania,4,soare > clint > ninja > mania
manic,4,soare > clint > panic > manic
manly,3,soare > clint > manly
manor,3,soare > maron > manor
maple,4,soare > gault > becap > maple
march,4,soare > riyal > parka > march
marry,3,soare > humic > marry
marsh,2,soare > marsh
mason,2,soare > mason
masse,3,soare > thump > masse
match,4,soare > clint > bumph > match
matey,3,soare > canal > matey
mauve,3,soare > gault > mauve
maxim,3,soare > clint > maxim
maybe,4,soare > gault > amnic > maybe
mayor,3,soare > maron > mayor
mealy,4,soare > depth > leaky > mealy
meant,3,soare > depth > meant
meaty,3,soare > depth > meaty
mecca,3,soare > canal > mecca
medal,4,soare > canal > dempt > medal
media,4,soare > canal > theta > media
medic,3,soare > denet > medic
melee,3,soare > guilt > melee
melon,3,soare > lento > melon
mercy,4,soare > direr > perky > mercy
merge,4,soare > pudic > verve > merge
merit,4,soare > direr > peril > merit
merry,3,soare > feted > merry
metal,4,soare > canal > dempt > metal
meter,4,soare > direr > butyl > meter
metro,3,soare > retro > metro
micro,3,soare > acidy > micro
midge,4,soare > guilt > hinge > midge
midst,4,soare > hists > tipsy > midst
might,4,soare > clint > aswim > might
milky,4,soare > clint > midgy > milky
mimic,4,soare > clint > pubic > mimic
mince,4,soare > guilt > wince > mince
miner,5,soare > direr > flong > nicer > miner
minim,4,soare > clint > dampy > minim
minor,4,soare > cutin > rhino > minor
minty,4,soare > clint > ninth > minty
minus,3,soare > hists > minus
mirth,3,soare > glint > mirth
miser,4,soare > richt > wiser > miser
missy,3,soare > hists > missy
mocha,3,soare > liman > mocha
modal,3,soare > liman > modal
model,4,soare > meynt > modem > model
modem,3,soare > meynt > modem
mogul,4,soare > culty > would > mogul
moist,3,soare > jumby > moist
molar,3,soare > malty > molar
moldy,4,soare > culty > defog > moldy
money,3,soare > meynt > money
month,4,soare > culty > tooth > month
moody,5,soare > culty > goody > woody > moody
moose,3,soare > pilum > moose
moral,3,soare > malty > moral
moron,3,soare > cyton > moron
morph,4,soare > cyton > rough > morph
mossy,3,soare > jumby > mossy
motel,3,soare > meynt > motel
motif,4,soare > culty > point > motif
motor,4,soare > cyton > rotor > motor
motto,4,soare > culty > tooth > motto
moult,3,soare > culty > moult
mound,4,soare > culty > bumph > mound
mount,3,soare > culty > mount
mourn,3,soare > almud > mourn
mouse,3,soare > pilum > mouse
mouth,3,soare > culty > mouth
mover,5,soare > rewth > clonk > abaft > mover
movie,3,soare > pugil > movie
mower,4,soare > rewth > ampul > mower
mucky,3,soare > clint > mucky
mucus,3,soare > hists > mucus
muddy,4,soare > clint > pudgy > muddy
mulch,3,soare > clint > mulch
mummy,4,soare > clint > pudgy > mummy
munch,4,soare > clint > abamp > munch
mural,3,soare > riyal > mural
murky,4,soare > glint > crump > murky
mushy,4,soare > hists > abamp > mushy
music,3,soare > hists > music
musky,3,soare > hists > musky
musty,4,soare > hists > algid > musty
myrrh,3,soare > fitch > myrrh
nadir,4,soare > riyal > tapir > nadir
naive,4,soare > gault > amnic > naive
nanny,3,soare > clint > nanny
nasal,3,soare > linty > nasal
nasty,3,soare > linty > nasty
natal,3,soare > clint > natal
naval,4,soare > clint > manly > naval
navel,3,soare > canal > navel
needy,3,soare > denet > needy
neigh,3,soare > denet > neigh
nerdy,3,soare > direr > nerdy
nerve,4,soare > pudic > verve > nerve
never,5,soare > direr > butyl > newer > never
newer,4,soare > direr > butyl > newer
newly,4,soare > denet > neigh > newly
nicer,4,soare > direr > flong > nicer
niche,4,soare > guilt > wince > niche
niece,4,soare > guilt > wince > niece
night,4,soare > clint > unfit > night
ninja,3,soare > clint > ninja
ninny,3,soare > clint > ninny
ninth,3,soare > clint > ninth
noble,3,soare > pugil > noble
nobly,4,soare > culty > adown > nobly
noise,3,soare > pilum > noise
noisy,3,soare > jumby > noisy
nomad,3,soare > liman > nomad
noose,3,soare > pilum > noose
north,3,soare > cyton > north
nosey,3,soare > poesy > nosey
notch,4,soare > culty > apian > notch
novel,4,soare > meynt > woven > novel
nudge,4,soare > guilt > aband > nudge
nurse,3,soare > centu > nurse
nutty,3,soare > clint > nutty
nylon,3,soare > clint > nylon
nymph,3,soare > clint > nymph
oaken,3,soare > omega > oaken
obese,3,soare > aitch > obese
occur,3,soare > cutin > occur
ocean,3,soare > omega > ocean
octal,3,soare > cloot > octal
octet,3,soare > lento > octet
odder,4,soare > trued > older > odder
oddly,3,soare > clint > oddly
offal,3,soare > cloot > offal
offer,4,soare > trued > owner > offer
often,3,soare > lento > often
olden,3,soare > lento > olden
older,3,soare > trued > older
olive,3,soare > bling > olive
ombre,2,soare > ombre
omega,2,soare > omega
onion,4,soare > clint > union > onion
onset,3,soare > pesto > onset
opera,2,soare > opera
opine,4,soare > bling > ovine > opine
opium,3,soare > clint > opium
optic,3,soare > clint > optic
orbit,3,soare > cutin > orbit
order,3,soare > trued > order
organ,3,soare > maron > organ
other,4,soare > trued > otter > other
otter,3,soare > trued > otter
ought,3,soare > clint > ought
ounce,3,soare > bling > ounce
outdo,4,soare > clint > outgo > outdo
outer,3,soare > trued > outer
outgo,3,soare > clint > outgo
ovary,2,soare > ovary
ovate,2,soare > ovate
overt,3,soare > retro > overt
ovine,3,soare > bling > ovine
ovoid,4,soare > clint > widow > ovoid
owing,3,soare > clint > owing
owner,3,soare > trued > owner
oxide,3,soare > bling > oxide
ozone,4,soare > bling > phone > ozone
paddy,4,soare > clint > midgy > paddy
pagan,4,soare > clint > handy > pagan
paint,4,soare > clint > attap > paint
paler,3,soare > talar > paler
palsy,3,soare > linty > palsy
panel,3,soare > canal > panel
panic,3,soare > clint > panic
pansy,3,soare > linty > pansy
papal,4,soare > clint > dampy > papal
paper,5,soare > talar > pigmy > parer > paper
parer,4,soare > talar > pigmy > parer
parka,3,soare > riyal > parka
parry,3,soare > humic > parry
parse,3,soare > raise > parse
party,3,soare > riyal > party
pasta,3,soare > linty > pasta
paste,3,soare > thump > paste
pasty,4,soare > linty > aheap > pasty
patch,4,soare > clint > bumph > patch
patio,4,soare > cloot > tango > patio
patsy,3,soare > linty > patsy
patty,5,soare > clint > baffy > tatty > patty
pause,3,soare > thump > pause
payee,4,soare > gault > amnic > payee
payer,4,soare > talar > pigmy > payer
peace,4,soare > glitz > weave > peace
peach,3,soare > depth > peach
pearl,3,soare > lathy > pearl
pecan,3,soare > canal > pecan
pedal,4,soare > canal > dempt > pedal
penal,3,soare > canal > penal
pence,4,soare > guilt > cheep > pence
penne,4,soare > guilt > cheep > penne
penny,4,soare > denet > wench > penny
perch,4,soare > direr > perky > perch
peril,3,soare > direr > peril
perky,3,soare > direr > perky
pesky,3,soare > teugh > pesky
pesto,2,soare > pesto
petal,4,soare > canal > dempt > petal
petty,4,soare > denet > aleph > petty
phase,3,soare > leuch > phase
phone,3,soare > bling > phone
phony,3,soare > clint > phony
photo,4,soare > clint > outgo > photo
piano,2,soare > piano
picky,4,soare > clint > pubic > picky
piece,4,soare > guilt > wince > piece
piety,3,soare > denet > piety
piggy,4,soare > clint > fudgy > piggy
pilot,3,soare > clint > pilot
pinch,4,soare > clint > cowps > pinch
piney,3,soare > denet > piney
pinky,4,soare > clint > dampy > pinky
pinto,3,soare > clint > pinto
piper,5,soare > direr > flong > viper > piper
pique,3,soare > guilt > pique
pitch,4,soare > clint > hyped > pitch
pithy,4,soare > clint > width > pithy
pivot,3,soare > clint > pivot
pixel,3,soare > denet > pixel
pixie,4,soare > guilt > wince > pixie
pizza,4,soare > clint > maxim > pizza
place,4,soare > glitz > amban > place
plaid,4,soare > clink > plait > plaid
plain,3,soare > clink > plain
plait,3,soare > clink > plait
plane,4,soare > glitz > amban > plane
plank,4,soare > clink > abaft > plank
plant,4,soare > clink > gland > plant
plate,3,soare > glitz > plate
plaza,3,soare > clink > plaza
plead,4,soare > canal > bated > plead
pleat,4,soare > canal > bated > pleat
plied,3,soare > denet > plied
plier,4,soare > direr > aleft > plier
pluck,3,soare > clint > pluck
plumb,3,soare > clint > plumb
plume,4,soare > guilt > flume > plume
plump,4,soare > clint > plumb > plump
plunk,3,soare > clint > plunk
plush,4,soare > hists > abaft > plush
poesy,2,soare > poesy
point,3,soare > culty > point
poise,3,soare > pilum > poise
poker,4,soare > rewth > clonk > poker
polar,3,soare > malty > polar
polka,3,soare > liman > polka
polyp,3,soare > culty > polyp
pooch,3,soare > culty > pooch
poppy,5,soare > culty > goody > hobby > poppy
porch,3,soare > cyton > porch
poser,2,soare > poser
posit,4,soare > jumby > hoist > posit
posse,3,soare > pilum > posse
pouch,4,soare > culty > vouch > pouch
pound,4,soare > culty > bumph > pound
pouty,3,soare > culty > pouty
power,4,soare > rewth > ampul > power
prank,4,soare > clint > bifid > prank
prawn,4,soare > clint > abamp > prawn
preen,4,soare > direr > pence > preen
press,3,soare > richt > press
price,3,soare > pudic > price
prick,4,soare > glint > crimp > prick
pride,3,soare > pudic > pride
pried,4,soare > direr > capot > pried
prime,4,soare > pudic > prize > prime
primo,4,soare > cutin > vigor > primo
print,3,soare > glint > print
prior,4,soare > cutin > vigor > prior
prism,3,soare > cruft > prism
privy,4,soare > glint > crimp > privy
prize,3,soare > pudic > prize
probe,4,soare > pownd > prove > probe
prone,3,soare > pownd > prone
prong,4,soare > cutin > wrong > prong
proof,4,soare > cutin > gloop > proof
prose,2,soare > prose
proud,3,soare > cutin > proud
prove,3,soare > pownd > prove
prowl,4,soare > cutin > gloop > prowl
proxy,4,soare > cutin > gloop > proxy
prude,3,soare > pudic > prude
prune,3,soare > pudic > prune
psalm,3,soare > chals > psalm
pubic,3,soare > clint > pubic
pudgy,3,soare > clint > pudgy
puffy,5,soare > clint > pudgy > puppy > puffy
pulpy,4,soare > clint > bigly > pulpy
pulse,3,soare > cunit > pulse
punch,4,soare > clint > abamp > punch
pupal,4,soare > clint > dampy > pupal
pupil,4,soare > clint > midgy > pupil
puppy,4,soare > clint > pudgy > puppy
puree,4,soare > pudic > purge > puree
purer,3,soare > direr > purer
purge,3,soare > pudic > purge
purse,3,soare > centu > purse
pushy,4,soare > hists > abamp > pushy
putty,4,soare > clint > thump > putty
pygmy,4,soare > clint > pudgy > pygmy
quack,4,soare > clink > aahed > quack
quail,3,soare > clink > quail
quake,4,soare > glitz > weave > quake
qualm,3,soare > clink > qualm
quark,3,soare > dhuti > quark
quart,3,soare > dhuti > quart
quash,4,soare > chals > aargh > quash
quasi,3,soare > chals > quasi
queen,3,soare > denet > queen
queer,4,soare > direr > butyl > queer
quell,4,soare > denet > whelp > quell
query,3,soare > feted > query
quest,4,soare > teugh > upset > quest
queue,3,soare > guilt > queue
quick,3,soare > clint > quick
quiet,3,soare > denet > quiet
quill,4,soare > clint > guild > quill
quilt,4,soare > clint > baghs > quilt
quirk,3,soare > fitch > quirk
quite,3,soare > guilt > quite
quota,3,soare > cloot > quota
quote,4,soare > bling > evoke > quote
quoth,4,soare > clint > outgo > quoth
rabbi,4,soare > riyal > rapid > rabbi
rabid,4,soare > riyal > rapid > rabid
racer,5,soare > talar > pigmy > barca > racer
radar,4,soare > riyal > rajah > radar
radii,4,soare > riyal > rapid > radii
radio,4,soare > maron > ratio > radio
rainy,3,soare > riyal > rainy
raise,2,soare > raise
rajah,3,soare > riyal > rajah
rally,3,soare > riyal > rally
ralph,3,soare > riyal > ralph
ramen,4,soare > talar > raven > ramen
ranch,4,soare > riyal > rumba > ranch
randy,4,soare > riyal > ratty > randy
range,3,soare > barca > range
rapid,3,soare > riyal > rapid
rarer,5,soare > talar > pigmy > barca > rarer
raspy,3,soare > marsh > raspy
ratio,3,soare > maron > ratio
ratty,3,soare > riyal > ratty
raven,3,soare > talar > raven
rayon,3,soare > maron > rayon
razor,4,soare > maron > valor > razor
reach,3,soare > ached > reach
react,3,soare > ached > react
ready,3,soare > ached > ready
realm,3,soare > ached > realm
rearm,3,soare > lathy > rearm
rebar,3,soare > talar > rebar
rebel,5,soare > direr > pence > revel > rebel
rebus,3,soare > richt > rebus
rebut,4,soare > direr > retch > rebut
recap,4,soare > talar > becke > recap
recur,3,soare > direr > recur
recut,4,soare > direr > retch > recut
reedy,4,soare > direr > trend > reedy
refer,4,soare > direr > truer > refer
refit,4,soare > direr > remit > refit
regal,4,soare > talar > renal > regal
rehab,4,soare > talar > becke > rehab
reign,4,soare > direr > remit > reign
relax,4,soare > talar > relay > relax
relay,3,soare > talar > relay
relic,4,soare > direr > remit > relic
remit,3,soare > direr > remit
renal,3,soare > talar > renal
renew,4,soare > direr > pence > renew
repay,4,soare > talar > becke > repay
repel,4,soare > direr > pence > repel
reply,4,soare > direr > retch > reply
rerun,3,soare > direr > rerun
reset,3,soare > richt > reset
resin,3,soare > richt > resin
retch,3,soare > direr > retch
retro,2,soare > retro
retry,3,soare > feted > retry
reuse,3,soare > centu > reuse
revel,4,soare > direr > pence > revel
revue,3,soare > pudic > revue
rhino,3,soare > cutin > rhino
rhyme,4,soare > pudic > verve > rhyme
rider,3,soare > direr > rider
ridge,3,soare > pudic > ridge
rifle,4,soare > pudic > tribe > rifle
right,3,soare > glint > right
rigid,3,soare > glint > rigid
rigor,4,soare > cutin > vigor > rigor
rinse,3,soare > centu > rinse
ripen,4,soare > direr > rivet > ripen
riper,4,soare > direr > river > riper
risen,4,soare > richt > riser > risen
riser,3,soare > richt > riser
risky,3,soare > cruft > risky
rival,3,soare > riyal > rival
river,3,soare > direr > river
rivet,3,soare > direr > rivet
roach,2,soare > roach
roast,2,soare > roast
robin,3,soare > cyton > robin
robot,3,soare > cyton > robot
rocky,3,soare > cyton > rocky
rodeo,4,soare > rewth > rover > rodeo
roger,4,soare > rewth > rover > roger
rogue,3,soare > faugh > rogue
roomy,4,soare > cyton > wordy > roomy
roost,3,soare > worst > roost
rotor,3,soare > cyton > rotor
rouge,3,soare > faugh > rouge
rough,3,soare > cyton > rough
round,3,soare > cyton > round
rouse,3,soare > worse > rouse
route,3,soare > faugh > route
rover,3,soare > rewth > rover
rowdy,4,soare > cyton > wordy > rowdy
rower,3,soare > rewth > rower
royal,3,soare > malty > royal
ruddy,4,soare > glint > crump > ruddy
ruder,3,soare > direr > ruder
rugby,3,soare > glint > rugby
ruler,4,soare > direr > truer > ruler
rumba,3,soare > riyal > rumba
rumor,4,soare > cutin > juror > rumor
rupee,3,soare > pudic > rupee
rural,3,soare > riyal > rural
rusty,3,soare > cruft > rusty
sadly,3,soare > dault > sadly
safer,3,soare > enmew > safer
saint,3,soare > dault > saint
salad,3,soare > dault > salad
sally,3,soare > dault > sally
salon,3,soare > savoy > salon
salsa,3,soare > dault > salsa
salty,3,soare > dault > salty
salve,3,soare > saute > salve
salvo,3,soare > savoy > salvo
sandy,3,soare > dault > sandy
saner,3,soare > enmew > saner
sappy,4,soare > dault > apish > sappy
sassy,4,soare > dault > apish > sassy
satin,3,soare > dault > satin
satyr,3,soare > cuppy > satyr
sauce,3,soare > saute > sauce
saucy,4,soare > dault > sauna > saucy
sauna,3,soare > dault > sauna
saute,2,soare > saute
savor,2,soare > savor
savoy,2,soare > savoy
savvy,4,soare > dault > apish > savvy
scald,4,soare > thilk > acidy > scald
scale,3,soare > thilk > scale
scalp,4,soare > thilk > acidy > scalp
scaly,4,soare > thilk > acidy > scaly
scamp,4,soare > thilk > swamp > scamp
scant,4,soare > thilk > adman > scant
scare,3,soare > chapt > scare
scarf,4,soare > kempt > acidy > scarf
scary,4,soare > kempt > acidy > scary
scene,3,soare > pling > scene
scent,3,soare > clipt > scent
scion,3,soare > cloot > scion
scoff,4,soare > cloot > smock > scoff
scold,4,soare > cloot > scowl > scold
scone,4,soare > knelt > shone > scone
scoop,3,soare > cloot > scoop
scope,4,soare > knelt > shove > scope
score,3,soare > chapt > score
scorn,3,soare > nicht > scorn
scour,2,soare > scour
scout,3,soare > cloot > scout
scowl,3,soare > cloot > scowl
scram,3,soare > cuppy > scram
scrap,3,soare > cuppy > scrap
scree,3,soare > spree > scree
screw,4,soare > newie > shrew > screw
scrub,3,soare > butch > scrub
scrum,3,soare > butch > scrum
scuba,3,soare > dault > scuba
sedan,3,soare > dempt > sedan
seedy,4,soare > clipt > seven > seedy
segue,3,soare > pling > segue
seize,4,soare > pling > suite > seize
semen,4,soare > clipt > seven > semen
sense,3,soare > pling > sense
sepia,3,soare > dempt > sepia
serif,3,soare > newie > serif
serum,3,soare > newie > serum
serve,3,soare > spree > serve
setup,4,soare > clipt > steep > setup
seven,3,soare > clipt > seven
sever,3,soare > newie > sever
sewer,3,soare > newie > sewer
shack,4,soare > thilk > shank > shack
shade,4,soare > thilk > amped > shade
shady,3,soare > thilk > shady
shaft,3,soare > thilk > shaft
shake,3,soare > thilk > shake
shaky,3,soare > thilk > shaky
shale,3,soare > thilk > shale
shall,3,soare > thilk > shall
shalt,3,soare > thilk > shalt
shame,4,soare > thilk > amped > shame
shank,3,soare > thilk > shank
shape,4,soare > thilk > amped > shape
shard,4,soare > kempt > acidy > shard
share,3,soare > chapt > share
shark,3,soare > kempt > shark
sharp,3,soare > kempt > sharp
shave,4,soare > thilk > amped > shave
shawl,3,soare > thilk > shawl
shear,4,soare > enmew > spear > shear
sheen,4,soare > clipt > seven > sheen
sheep,4,soare > clipt > sweep > sheep
sheer,4,soare > newie > steer > sheer
sheet,4,soare > clipt > sweet > sheet
sheik,4,soare > clipt > sinew > sheik
shelf,4,soare > clipt > fehme > shelf
shell,4,soare > clipt > fehme > shell
shied,3,soare > clipt > shied
shift,3,soare > thilk > shift
shine,4,soare > pling > swine > shine
shiny,3,soare > thilk > shiny
shire,3,soare > spire > shire
shirk,3,soare > hault > shirk
shirt,3,soare > hault > shirt
shoal,3,soare > savoy > shoal
shock,4,soare > cloot > smock > shock
shone,3,soare > knelt > shone
shook,4,soare > cloot > knosp > shook
shoot,3,soare > cloot > shoot
shore,3,soare > chapt > shore
shorn,3,soare > nicht > shorn
short,3,soare > nicht > short
shout,4,soare > cloot > ethne > shout
shove,3,soare > knelt > shove
shown,4,soare > cloot > snowy > shown
showy,4,soare > cloot > snowy > showy
shrew,3,soare > newie > shrew
shrub,3,soare > butch > shrub
shrug,3,soare > butch > shrug
shuck,3,soare > thilk > shuck
shunt,3,soare > thilk > shunt
shush,3,soare > thilk > shush
shyly,3,soare > thilk > shyly
siege,3,soare > pling > siege
sieve,3,soare > pling > sieve
sight,4,soare > thilk > sixth > sight
sigma,3,soare > dault > sigma
silky,3,soare > thilk > silky
silly,3,soare > thilk > silly
since,3,soare > pling > since
sinew,3,soare > clipt > sinew
singe,3,soare > pling > singe
siren,3,soare > newie > siren
sissy,4,soare > thilk > squib > sissy
sixth,3,soare > thilk > sixth
sixty,3,soare > thilk > sixty
skate,4,soare > thilk > stake > skate
skier,3,soare > newie > skier
skiff,4,soare > thilk > spiky > skiff
skill,3,soare > thilk > skill
skimp,4,soare > thilk > spiky > skimp
skirt,3,soare > hault > skirt
skulk,3,soare > thilk > skulk
skull,3,soare > thilk > skull
skunk,4,soare > thilk > spunk > skunk
slack,3,soare > thilk > slack
slain,4,soare > thilk > snail > slain
slang,3,soare > thilk > slang
slant,3,soare > thilk > slant
slash,3,soare > thilk > slash
slate,3,soare > thilk > slate
slave,3,soare > thilk > slave
sleek,3,soare > clipt > sleek
sleep,3,soare > clipt > sleep
sleet,3,soare > clipt > sleet
slept,3,soare > clipt > slept
slice,4,soare > pling > ached > slice
slick,4,soare > thilk > slink > slick
slide,4,soare > pling > ached > slide
slime,4,soare > pling > ached > slime
slimy,4,soare > thilk > sling > slimy
sling,3,soare > thilk > sling
slink,3,soare > thilk > slink
sloop,3,soare > cloot > sloop
slope,3,soare > knelt > slope
slosh,3,soare > cloot > slosh
sloth,3,soare > cloot > sloth
slump,4,soare > thilk > slung > slump
slung,3,soare > thilk > slung
slunk,3,soare > thilk > slunk
slurp,3,soare > hault > slurp
slush,3,soare > thilk > slush
slyly,4,soare > thilk > sully > slyly
smack,4,soare > thilk > spank > smack
small,4,soare > thilk > acidy > small
smart,3,soare > kempt > smart
smash,4,soare > thilk > swash > smash
smear,3,soare > enmew > smear
smell,4,soare > clipt > fehme > smell
smelt,3,soare > clipt > smelt
smile,3,soare > pling > smile
smirk,3,soare > hault > smirk
smite,4,soare > pling > suite > smite
smith,3,soare > thilk > smith
smock,3,soare > cloot > smock
smoke,4,soare > knelt > spoke > smoke
smoky,4,soare > cloot > snowy > smoky
smote,4,soare > knelt > stove > smote
snack,4,soare > thilk > spank > snack
snail,3,soare > thilk > snail
snake,3,soare > thilk > snake
snaky,3,soare > thilk > snaky
snare,3,soare > chapt > snare
snarl,4,soare > kempt > acidy > snarl
sneak,3,soare > dempt > sneak
sneer,3,soare > newie > sneer
snide,3,soare > pling > snide
sniff,4,soare > thilk > swing > sniff
snipe,3,soare > pling > snipe
snoop,4,soare > cloot > knosp > snoop
snore,4,soare > chapt > swore > snore
snort,3,soare > nicht > snort
snout,4,soare > cloot > ethne > snout
snowy,3,soare > cloot > snowy
snuck,4,soare > thilk > spunk > snuck
snuff,4,soare > thilk > swung > snuff
soapy,2,soare > soapy
sober,3,soare > sower > sober
soggy,3,soare > atony > soggy
solar,3,soare > sonar > solar
solid,3,soare > atony > solid
solve,2,soare > solve
sonar,2,soare > sonar
sonic,3,soare > atony > sonic
sooth,3,soare > atony > sooth
sooty,3,soare > atony > sooty
sorry,2,soare > sorry
sound,3,soare > atony > sound
south,3,soare > atony > south
sower,2,soare > sower
space,4,soare > thilk > spade > space
spade,3,soare > thilk > spade
spank,3,soare > thilk > spank
spare,3,soare > chapt > spare
spark,3,soare > kempt > spark
spasm,4,soare > thilk > swamp > spasm
spawn,4,soare > thilk > swamp > spawn
speak,3,soare > dempt > speak
spear,3,soare > enmew > spear
speck,3,soare > clipt > speck
speed,4,soare > clipt > sweep > speed
spell,3,soare > clipt > spell
spelt,3,soare > clipt > spelt
spend,4,soare > clipt > sweep > spend
spent,3,soare > clipt > spent
sperm,3,soare > stern > sperm
spice,4,soare > pling > aceta > spice
spicy,4,soare > thilk > swing > spicy
spied,3,soare > clipt > spied
spiel,3,soare > clipt > spiel
spike,4,soare > pling > aceta > spike
spiky,3,soare > thilk > spiky
spill,4,soare > thilk > swill > spill
spilt,4,soare > thilk > stilt > spilt
spine,3,soare > pling > spine
spiny,4,soare > thilk > swing > spiny
spire,2,soare > spire
spite,4,soare > pling > aceta > spite
splat,3,soare > dault > splat
split,3,soare > thilk > split
spoil,3,soare > cloot > spoil
spoke,3,soare > knelt > spoke
spoof,4,soare > cloot > knosp > spoof
spook,4,soare > cloot > knosp > spook
spool,3,soare > cloot > spool
spoon,4,soare > cloot > knosp > spoon
spore,3,soare > chapt > spore
sport,3,soare > nicht > sport
spout,4,soare > cloot > ethne > spout
spray,3,soare > cuppy > spray
spree,2,soare > spree
sprig,3,soare > butch > sprig
spunk,3,soare > thilk > spunk
spurn,3,soare > hault > spurn
spurt,3,soare > hault > spurt
squad,3,soare > dault > squad
squat,3,soare > dault > squat
squib,3,soare > thilk > squib
stack,4,soare > thilk > stank > stack
staff,4,soare > thilk > adman > staff
stage,4,soare > thilk > agave > stage
staid,4,soare > thilk > stain > staid
stain,3,soare > thilk > stain
stair,2,soare > stair
stake,3,soare > thilk > stake
stale,3,soare > thilk > stale
stalk,3,soare > thilk > stalk
stall,3,soare > thilk > stall
stamp,4,soare > thilk > adman > stamp
stand,4,soare > thilk > adman > stand
stank,3,soare > thilk > stank
stare,3,soare > chapt > stare
stark,3,soare > kempt > stark
start,3,soare > kempt > start
stash,4,soare > thilk > swath > stash
state,4,soare > thilk > agave > state
stave,4,soare > thilk > agave > stave
stead,3,soare > dempt > stead
steak,4,soare > dempt > steal > steak
steal,3,soare > dempt > steal
steam,3,soare > dempt > steam
steed,3,soare > clipt > steed
steel,3,soare > clipt > steel
steep,3,soare > clipt > steep
steer,3,soare > newie > steer
stein,3,soare > clipt > stein
stern,2,soare > stern
stick,4,soare > thilk > stink > stick
stiff,4,soare > thilk > swift > stiff
still,4,soare > thilk > stilt > still
stilt,3,soare > thilk > stilt
sting,4,soare > thilk > swift > sting
stink,3,soare > thilk > stink
stint,4,soare > thilk > swift > stint
stock,4,soare > cloot > stoic > stock
stoic,3,soare > cloot > stoic
stoke,3,soare > knelt > stoke
stole,3,soare > knelt > stole
stomp,4,soare > cloot > stony > stomp
stone,3,soare > knelt > stone
stony,3,soare > cloot > stony
stood,4,soare > cloot > stoop > stood
stool,3,soare > cloot > stool
stoop,3,soare > cloot > stoop
store,3,soare > chapt > store
stork,4,soare > nicht > abysm > stork
storm,4,soare > nicht > abysm > storm
story,4,soare > nicht > abysm > story
stout,4,soare > cloot > ethne > stout
stove,3,soare > knelt > stove
strap,3,soare > cuppy > strap
straw,3,soare > cuppy > straw
stray,3,soare > cuppy > stray
strip,3,soare > butch > strip
strut,3,soare > butch > strut
stuck,4,soare > thilk > stunk > stuck
study,4,soare > thilk > grypt > study
stuff,4,soare > thilk > grypt > stuff
stump,4,soare > thilk > grypt > stump
stung,4,soare > thilk > grypt > stung
stunk,3,soare > thilk > stunk
stunt,4,soare > thilk > grypt > stunt
style,3,soare > pling > style
suave,4,soare > thilk > spade > suave
sugar,3,soare > cuppy > sugar
suing,4,soare > thilk > swing > suing
suite,3,soare > pling > suite
sulky,3,soare > thilk > sulky
sully,3,soare > thilk > sully
sumac,3,soare > dault > sumac
sunny,4,soare > thilk > swung > sunny
super,4,soare > newie > surer > super
surer,3,soare > newie > surer
surge,3,soare > spree > surge
surly,3,soare > butch > surly
sushi,3,soare > thilk > sushi
swami,3,soare > thilk > swami
swamp,3,soare > thilk > swamp
swarm,3,soare > kempt > swarm
swash,3,soare > thilk > swash
swath,3,soare > thilk > swath
swear,3,soare > enmew > swear
sweat,3,soare > dempt > sweat
sweep,3,soare > clipt > sweep
sweet,3,soare > clipt > sweet
swell,4,soare > clipt > fehme > swell
swept,3,soare > clipt > swept
swift,3,soare > thilk > swift
swill,3,soare > thilk > swill
swine,3,soare > pling > swine
swing,3,soare > thilk > swing
swirl,3,soare > hault > swirl
swish,3,soare > thilk > swish
swoon,4,soare > cloot > knosp > swoon
swoop,4,soare > cloot > knosp > swoop
sword,3,soare > nicht > sword
swore,3,soare > chapt > swore
sworn,3,soare > nicht > sworn
swung,3,soare > thilk > swung
synod,3,soare > cloot > synod
syrup,3,soare > butch > syrup
tabby,4,soare > clint > baffy > tabby
table,3,soare > gault > table
taboo,3,soare > cloot > taboo
tacit,3,soare > clint > tacit
tacky,4,soare > clint > bumph > tacky
taffy,4,soare > clint > baffy > taffy
taint,4,soare > clint > attap > taint
taken,4,soare > canal > aitch > taken
taker,4,soare > talar > abamp > taker
tally,3,soare > clint > tally
talon,3,soare > cloot > talon
tamer,4,soare > talar > abamp > tamer
tango,3,soare > cloot > tango
tangy,3,soare > clint > tangy
taper,4,soare > talar > abamp > taper
tapir,3,soare > riyal > tapir
tardy,4,soare > riyal > party > tardy
tarot,3,soare > maron > tarot
taste,3,soare > thump > taste
tasty,4,soare > linty > aheap > tasty
tatty,4,soare > clint > baffy > tatty
taunt,5,soare > clint > dight > ajiva > taunt
tawny,3,soare > clint > tawny
teach,3,soare > depth > teach
teary,3,soare > lathy > teary
tease,3,soare > leuch > tease
teddy,4,soare > denet > tepid > teddy
teeth,3,soare > denet > teeth
tempo,3,soare > lento > tempo
tenet,3,soare > denet > tenet
tenor,3,soare > trued > tenor
tense,3,soare > cunit > tense
tenth,3,soare > denet > tenth
tepee,4,soare > guilt > thyme > tepee
tepid,3,soare > denet > tepid
terra,3,soare > altho > terra
terse,3,soare > centu > terse
testy,3,soare > teugh > testy
thank,3,soare > clink > thank
theft,4,soare > denet > evict > theft
their,3,soare > direr > their
theme,4,soare > guilt > thyme > theme
there,3,soare > where > there
these,3,soare > cunit > these
theta,3,soare > canal > theta
thick,3,soare > clint > thick
thief,3,soare > denet > thief
thigh,3,soare > clint > thigh
thing,4,soare > clint > tying > thing
think,4,soare > clint > tying > think
third,3,soare > fitch > third
thong,3,soare > clint > thong
thorn,3,soare > acidy > thorn
those,3,soare > aitch > those
three,4,soare > pudic > verve > three
threw,4,soare > direr > egret > threw
throb,3,soare > cutin > throb
throw,4,soare > cutin > throb > throw
thrum,3,soare > glint > thrum
thumb,4,soare > clint > thump > thumb
thump,3,soare > clint > thump
thyme,3,soare > guilt > thyme
tiara,3,soare > dhuti > tiara
tibia,3,soare > clint > tibia
tidal,4,soare > clint > vital > tidal
tiger,4,soare > direr > flong > tiger
tight,4,soare > clint > aswim > tight
tilde,3,soare > guilt > tilde
timer,5,soare > direr > flong > viper > timer
timid,4,soare > clint > width > timid
tipsy,3,soare > hists > tipsy
titan,3,soare > clint > titan
tithe,3,soare > guilt > tithe
title,3,soare > guilt > title
toast,3,soare > abaca > toast
today,4,soare > liman > topaz > today
toddy,3,soare > culty > toddy
token,3,soare > meynt > token
tonal,4,soare > liman > zonal > tonal
tonga,3,soare > liman > tonga
tonic,4,soare > culty > apian > tonic
tooth,3,soare > culty > tooth
topaz,3,soare > liman > topaz
topic,4,soare > culty > apian > topic
torch,3,soare > cyton > torch
torso,3,soare > worst > torso
torus,3,soare > worst > torus
total,4,soare > liman > vocal > total
totem,3,soare > meynt > totem
touch,3,soare > culty > touch
tough,4,soare > culty > mount > tough
towel,3,soare > meynt > towel
tower,3,soare > rewth > tower
toxic,4,soare > culty > apian > toxic
toxin,4,soare > culty > point > toxin
trace,3,soare > ditch > trace
track,3,soare > clint > track
tract,3,soare > clint > tract
trade,3,soare > ditch > trade
trail,3,soare > clint > trail
train,3,soare > clint > train
trait,3,soare > clint > trait
tramp,4,soare > clint > wrath > tramp
trash,3,soare > bachs > trash
trawl,3,soare > clint > trawl
tread,4,soare > talar > treat > tread
treat,3,soare > talar > treat
trend,3,soare > direr > trend
triad,4,soare > riyal > friar > triad
trial,3,soare > riyal > trial
tribe,3,soare > pudic > tribe
trice,3,soare > pudic > trice
trick,3,soare > glint > trick
tried,4,soare > direr > capot > tried
tripe,3,soare > pudic > tripe
trite,4,soare > pudic > tribe > trite
troll,4,soare > cutin > throb > troll
troop,4,soare > cutin > throb > troop
trope,3,soare > pownd > trope
trout,3,soare > cutin > trout
trove,4,soare > pownd > abaft > trove
truce,3,soare > pudic > truce
truck,4,soare > glint > thrum > truck
truer,3,soare > direr > truer
truly,3,soare > glint > truly
trump,4,soare > glint > thrum > trump
trunk,3,soare > glint > trunk
truss,3,soare > cruft > truss
trust,3,soare > cruft > trust
truth,4,soare > glint > thrum > truth
tryst,4,soare > cruft > wrist > tryst
tubal,4,soare > clint > tally > tubal
tuber,4,soare > direr > butyl > tuber
tulip,3,soare > clint > tulip
tulle,3,soare > guilt > tulle
tumor,4,soare > cutin > turbo > tumor
tunic,3,soare > clint > tunic
turbo,3,soare > cutin > turbo
tutor,3,soare > cutin > tutor
twang,3,soare > clink > twang
tweak,4,soare > canal > wheat > tweak
tweed,3,soare > denet > tweed
tweet,3,soare > denet > tweet
twice,4,soare > guilt > twine > twice
twine,3,soare > guilt > twine
twirl,3,soare > fitch > twirl
twist,3,soare > hists > twist
twixt,3,soare > clint > twixt
tying,3,soare > clint > tying
udder,4,soare > direr > under > udder
ulcer,4,soare > direr > butyl > ulcer
ultra,3,soare > humic > ultra
umbra,3,soare > humic > umbra
uncle,3,soare > guilt > uncle
uncut,3,soare > clint > uncut
under,3,soare > direr > under
undid,4,soare > clint > dampy > undid
undue,4,soare > guilt > venue > undue
unfed,4,soare > denet > widen > unfed
unfit,3,soare > clint > unfit
unify,3,soare > clint > unify
union,3,soare > clint > union
unite,3,soare > guilt > unite
unity,3,soare > clint > unity
unlit,3,soare > clint > unlit
unmet,3,soare > denet > unmet
unset,4,soare > teugh > upset > unset
untie,3,soare > guilt > untie
until,3,soare > clint > until
unwed,4,soare > denet > widen > unwed
unzip,4,soare > clint > dampy > unzip
upper,4,soare > direr > butyl > upper
upset,3,soare > teugh > upset
urban,3,soare > riyal > urban
urine,3,soare > pudic > urine
usage,3,soare > leuch > usage
usher,3,soare > richt > usher
using,3,soare > hists > using
usual,3,soare > linty > usual
usurp,2,soare > usurp
utile,3,soare > guilt > utile
utter,4,soare > direr > butyl > utter
vague,3,soare > gault > vague
valet,3,soare > canal > valet
valid,4,soare > clint > villa > valid
valor,3,soare > maron > valor
value,3,soare > gault > value
valve,3,soare > gault > valve
vapid,4,soare > clint > maxim > vapid
vapor,4,soare > maron > valor > vapor
vault,3,soare > clint > vault
vaunt,5,soare > clint > dight > ajiva > vaunt
vegan,3,soare > canal > vegan
venom,3,soare > lento > venom
venue,3,soare > guilt > venue
verge,4,soare > pudic > verve > verge
verse,3,soare > centu > verse
verso,2,soare > verso
verve,3,soare > pudic > verve
vicar,3,soare > riyal > vicar
video,3,soare > lento > video
vigil,4,soare > clint > midgy > vigil
vigor,3,soare > cutin > vigor
villa,3,soare > clint > villa
vinyl,3,soare > clint > vinyl
viola,3,soare > cloot > viola
viper,4,soare > direr > flong > viper
viral,3,soare > riyal > viral
virus,3,soare > cruft > virus
visit,3,soare > hists > visit
visor,3,soare > acids > visor
vista,3,soare > linty > vista
vital,3,soare > clint > vital
vivid,4,soare > clint > fudgy > vivid
vixen,4,soare > denet > agila > vixen
vocal,3,soare > liman > vocal
vodka,3,soare > liman > vodka
vogue,3,soare > pugil > vogue
voice,3,soare > pugil > voice
voila,3,soare > liman > voila
vomit,4,soare > culty > point > vomit
voter,3,soare > rewth > voter
vouch,3,soare > culty > vouch
vowel,4,soare > meynt > advew > vowel
vying,3,soare > clint > vying
wacky,3,soare > clint > wacky
wafer,6,soare > talar > pigmy > barca > waver > wafer
wager,4,soare > talar > pigmy > wager
wagon,3,soare > cloot > wagon
waist,3,soare > linty > waist
waive,4,soare > gault > amnic > waive
waltz,4,soare > clint > tally > waltz
warty,4,soare > riyal > party > warty
waste,4,soare > thump > abaca > waste
watch,4,soare > clint > bumph > watch
water,4,soare > talar > cahow > water
waver,5,soare > talar > pigmy > barca > waver
waxen,4,soare > canal > aitch > waxen
weary,3,soare > lathy > weary
weave,3,soare > glitz > weave
wedge,3,soare > guilt > wedge
weedy,3,soare > denet > weedy
weigh,4,soare > denet > belch > weigh
weird,3,soare > feted > weird
welch,4,soare > denet > belch > welch
welsh,3,soare > teugh > welsh
wench,3,soare > denet > wench
whack,4,soare > clink > aahed > whack
whale,3,soare > glitz > whale
wharf,3,soare > dhuti > wharf
wheat,3,soare > canal > wheat
wheel,4,soare > denet > expel > wheel
whelp,3,soare > denet > whelp
where,2,soare > where
which,4,soare > clint > quick > which
whiff,3,soare > clint > whiff
while,3,soare > guilt > while
whine,4,soare > guilt > chime > whine
whiny,4,soare > clint > vying > whiny
whirl,3,soare > fitch > whirl
whisk,3,soare > hists > whisk
white,4,soare > guilt > twine > white
whole,3,soare > bling > whole
whoop,4,soare > clint > jumbo > whoop
whose,3,soare > aitch > whose
widen,3,soare > denet > widen
wider,3,soare > direr > wider
widow,3,soare > clint > widow
width,3,soare > clint > width
wield,4,soare > denet > edify > wield
wight,4,soare > clint > aswim > wight
willy,5,soare > clint > midgy > fowth > willy
wimpy,4,soare > clint > fudgy > wimpy
wince,3,soare > guilt > wince
winch,4,soare > clint > cowps > winch
windy,4,soare > clint > dampy > windy
wiser,3,soare > richt > wiser
wispy,3,soare > hists > wispy
witch,4,soare > clint > hyped > witch
witty,4,soare > clint > width > witty
woken,4,soare > meynt > woven > woken
woman,3,soare > liman > woman
women,3,soare > meynt > women
woody,4,soare > culty > goody > woody
wooer,3,soare > rewth > wooer
wooly,4,soare > culty > adown > wooly
woozy,4,soare > culty > goody > woozy
wordy,3,soare > cyton > wordy
world,4,soare > cyton > rough > world
worry,3,soare > almud > worry
worse,2,soare > worse
worst,2,soare > worst
worth,3,soare > cyton > worth
would,3,soare > culty > would
wound,4,soare > culty > bumph > wound
woven,3,soare > meynt > woven
wrack,3,soare > clint > wrack
wrath,3,soare > clint > wrath
wreak,4,soare > talar > becke > wreak
wreck,4,soare > direr > retch > wreck
wrest,3,soare > richt > wrest
wring,3,soare > glint > wring
wrist,3,soare > cruft > wrist
write,4,soare > pudic > tribe > write
wrong,3,soare > cutin > wrong
wrote,3,soare > pownd > wrote
wrung,3,soare > glint > wrung
wryly,4,soare > glint > bardy > wryly
yacht,3,soare > clint > yacht
yearn,3,soare > lathy > yearn
yeast,3,soare > bufty > yeast
yield,4,soare > denet > edify > yield
young,3,soare > culty > young
youth,3,soare > culty > youth
zebra,3,soare > altho > zebra
zesty,3,soare > teugh > zesty
zonal,3,soare > liman > zonal
